ID,Name,Age,Email,Phone,City,Country,Job,Company
1,Kevin Gomez,39,bensonjason@black.com,068-682-9588,Bishopville,Kazakhstan,Dance movement psychotherapist,James-Simpson
2,Alyssa Kelly,24,elizabethhall@knight.com,901-496-5904x62308,Lake Lawrence,Croatia,"Engineer, communications",Turner-Evans
3,Brooke Hill,55,rebecca12@bentley-crawford.com,4346147521,North Stevenville,Myanmar,Colour technologist,Tran-Griffith
4,William Lopez,54,yrojas@tyler.biz,+1-701-933-0342x97404,Port Laurenview,Israel,"Therapist, nutritional","Valdez, Ortiz and Russell"
5,Kevin Martin,58,daniel90@yahoo.com,+1-343-336-0332x9376,West Josephtown,Cyprus,Facilities manager,Lucas-Greer
6,Shawn Malone,25,dli@hood-estrada.com,+1-382-098-8110x95947,Lake Carrieborough,Cook Islands,"Lighting technician, broadcasting/film/video",Miller Group
7,Jennifer Glass,58,simmonsbrian@hotmail.com,3688912355,Turnerside,Mexico,Patent attorney,"Rich, Haney and Welch"
8,Thomas Ramirez,41,katherinehopkins@hotmail.com,9613045492,Lake Johnton,Tanzania,Professor Emeritus,"Acevedo, Smith and Moon"
9,Johnathan Butler,53,crystalnolan@hotmail.com,446-269-8028x33804,Alisonshire,Slovenia,"Surveyor, building",Hansen LLC
10,Jodi Howard,30,wisestephanie@barker.com,(374)215-1315x8145,New Tony,Sri Lanka,"Buyer, industrial",Lowe Group
11,Casey Woods,30,kaitlynhayes@hotmail.com,(838)363-9194,Lake Kelli,Armenia,Hospital doctor,"Payne, Sloan and Campbell"
12,Kevin Ramirez PhD,25,nspencer@yahoo.com,(522)892-1255x1943,Port Ronald,British Indian Ocean Territory (Chagos Archipelago),"Accountant, chartered certified","Blackburn, Wall and Vazquez"
13,Anna Yates,31,baldwinmichael@gmail.com,760.969.6352x609,Port Victoria,United States Minor Outlying Islands,English as a foreign language teacher,"Cannon, Scott and Baxter"
14,Jodi Robinson,50,zkaiser@odonnell.com,044-835-8435,North Morgan,Belize,"Designer, television/film set",James PLC
15,Tammy Greene,21,taylorvirginia@yahoo.com,(878)943-1871x83418,Stevenside,Afghanistan,Midwife,"Robinson, Montes and Rich"
16,Patrick Robinson,46,dbaker@dudley-bell.com,001-054-702-4057x944,Romerofort,Jamaica,Chief Technology Officer,Bowman Group
17,Susan George,55,xball@hayes.com,+1-835-158-0680x9609,Moranmouth,Uruguay,Industrial buyer,"Bennett, Franco and Kennedy"
18,Stephanie Rios,30,debranorris@gmail.com,+1-835-519-0364x683,South Karen,Saint Lucia,"Accountant, chartered public finance",Thomas-Austin
19,Scott Sutton,21,michael83@yahoo.com,+1-505-235-4571,Port Rickybury,New Caledonia,Investment analyst,Hartman and Sons
20,Jennifer Simon,52,villegasjoan@patterson-parker.com,(587)984-7938,Andresbury,Mayotte,Financial adviser,Solis-Rogers
